,Non-Standardized,Non-Standardized + Log,Standardized,Log + Standardized
Gradient Boosting,252.2299183836407,245.56604815735676,252.26699585435463,245.5299288719193
Random Forest,365.2070711524956,449.9139404060329,365.1962080458769,449.8943518909252
CatBoost,243.09221584423577,237.8578203869209,243.09342646069604,237.85799533659247
