Fold,Cross-Validation MSE
0,2809.4650197072074
1,222.45983279128959
2,467.2727437429299
3,329.142746040724
4,430.9896069004525
5,255.18523755656108
6,715.2692484445702
7,386.9947680995475
8,585.8424420248869
9,224.29762178308823
