Fold,Cross-Validation MSE
0,3040.0531995618667
1,219.84268892728366
2,464.60955815918203
3,331.97826472184374
4,422.3253645794424
5,259.93229481968945
6,698.7765303434829
7,390.4540446829472
8,591.3201138055204
9,213.45049962522756
